,ID,FULL_NAME,FIRST_NAME,LAST_NAME,ACTIVE,IMAGE_LINK
0,1630639,A.J. Lawson,A.J.,Lawson,True,https://cdn.nba.com/headshots/nba/latest/1040x760/1630639.png
1,1631260,AJ Green,AJ,Green,True,https://cdn.nba.com/headshots/nba/latest/1040x760/1631260.png
2,1631100,AJ Griffin,AJ,Griffin,True,https://cdn.nba.com/headshots/nba/latest/1040x760/1631100.png
3,203932,Aaron Gordon,Aaron,Gordon,True,https://cdn.nba.com/headshots/nba/latest/1040x760/203932.png
4,1628988,Aaron Holiday,Aaron,Holiday,True,https://cdn.nba.com/headshots/nba/latest/1040x760/1628988.png
5,1630174,Aaron Nesmith,Aaron,Nesmith,True,https://cdn.nba.com/headshots/nba/latest/1040x760/1630174.png
6,1630598,Aaron Wiggins,Aaron,Wiggins,True,https://cdn.nba.com/headshots/nba/latest/1040x760/1630598.png
7,1641766,Adama Sanogo,Adama,Sanogo,True,https://cdn.nba.com/headshots/nba/latest/1040x760/1641766.png
8,1629678,Admiral Schofield,Admiral,Schofield,True,https://cdn.nba.com/headshots/nba/latest/1040x760/1629678.png
9,201143,Al Horford,Al,Horford,True,https://cdn.nba.com/headshots/nba/latest/1040x760/201143.png
10,202692,Alec Burks,Alec,Burks,True,https://cdn.nba.com/headshots/nba/latest/1040x760/202692.png
11,1630197,Aleksej Pokusevski,Aleksej,Pokusevski,True,https://cdn.nba.com/headshots/nba/latest/1040x760/1630197.png
12,1627936,Alex Caruso,Alex,Caruso,True,https://cdn.nba.com/headshots/nba/latest/1040x760/1627936.png
13,1641788,Alex Fudge,Alex,Fudge,True,https://cdn.nba.com/headshots/nba/latest/1040x760/1641788.png
14,203458,Alex Len,Alex,Len,True,https://cdn.nba.com/headshots/nba/latest/1040x760/203458.png
15,1631214,Alondes Williams,Alondes,Williams,True,https://cdn.nba.com/headshots/nba/latest/1040x760/1631214.png
16,1630578,Alperen Sengun,Alperen,Sengun,True,https://cdn.nba.com/headshots/nba/latest/1040x760/1630578.png
17,1641735,Amari Bailey,Amari,Bailey,True,https://cdn.nba.com/headshots/nba/latest/1040x760/1641735.png
18,1641708,Amen Thompson,Amen,Thompson,True,https://cdn.nba.com/headshots/nba/latest/1040x760/1641708.png
19,1629599,Amir Coffey,Amir,Coffey,True,https://cdn.nba.com/headshots/nba/latest/1040x760/1629599.png
20,203083,Andre Drummond,Andre,Drummond,True,https://cdn.nba.com/headshots/nba/latest/1040x760/203083.png
21,1641748,Andre Jackson Jr.,Andre,Jackson Jr.,True,https://cdn.nba.com/headshots/nba/latest/1040x760/1641748.png
22,1641847,Andrew Funk,Andrew,Funk,True,https://cdn.nba.com/headshots/nba/latest/1040x760/1641847.png
23,1629614,Andrew Nembhard,Andrew,Nembhard,True,https://cdn.nba.com/headshots/nba/latest/1040x760/1629614.png
24,203952,Andrew Wiggins,Andrew,Wiggins,True,https://cdn.nba.com/headshots/nba/latest/1040x760/203952.png
25,1629014,Anfernee Simons,Anfernee,Simons,True,https://cdn.nba.com/headshots/nba/latest/1040x760/1629014.png
26,1641710,Anthony Black,Anthony,Black,True,https://cdn.nba.com/headshots/nba/latest/1040x760/1641710.png
27,203076,Anthony Davis,Anthony,Davis,True,https://cdn.nba.com/headshots/nba/latest/1040x760/203076.png
28,1630162,Anthony Edwards,Anthony,Edwards,True,https://cdn.nba.com/headshots/nba/latest/1040x760/1630162.png
29,1630264,Anthony Gill,Anthony,Gill,True,https://cdn.nba.com/headshots/nba/latest/1040x760/1630264.png
30,1641784,Antoine Davis,Antoine,Davis,True,https://cdn.nba.com/headshots/nba/latest/1040x760/1641784.png
31,1641848,Armaan Franklin,Armaan,Franklin,True,https://cdn.nba.com/headshots/nba/latest/1040x760/1641848.png
32,1629717,Armoni Brooks,Armoni,Brooks,True,https://cdn.nba.com/headshots/nba/latest/1040x760/1629717.png
33,1641709,Ausar Thompson,Ausar,Thompson,True,https://cdn.nba.com/headshots/nba/latest/1040x760/1641709.png
34,1630559,Austin Reaves,Austin,Reaves,True,https://cdn.nba.com/headshots/nba/latest/1040x760/1630559.png
35,1630245,Ayo Dosunmu,Ayo,Dosunmu,True,https://cdn.nba.com/headshots/nba/latest/1040x760/1630245.png
36,1641773,Azuolas Tubelis,Azuolas,Tubelis,True,https://cdn.nba.com/headshots/nba/latest/1040x760/1641773.png
37,1628389,Bam Adebayo,Bam,Adebayo,True,https://cdn.nba.com/headshots/nba/latest/1040x760/1628389.png
38,1641767,Ben Sheppard,Ben,Sheppard,True,https://cdn.nba.com/headshots/nba/latest/1040x760/1641767.png
39,1627732,Ben Simmons,Ben,Simmons,True,https://cdn.nba.com/headshots/nba/latest/1040x760/1627732.png
40,1631097,Bennedict Mathurin,Bennedict,Mathurin,True,https://cdn.nba.com/headshots/nba/latest/1040x760/1631097.png
41,1641731,Bilal Coulibaly,Bilal,Coulibaly,True,https://cdn.nba.com/headshots/nba/latest/1040x760/1641731.png
42,1631104,Blake Wesley,Blake,Wesley,True,https://cdn.nba.com/headshots/nba/latest/1040x760/1631104.png
43,1626246,Boban Marjanovic,Boban,Marjanovic,True,https://cdn.nba.com/headshots/nba/latest/1040x760/1626246.png
44,1626171,Bobby Portis,Bobby,Portis,True,https://cdn.nba.com/headshots/nba/latest/1040x760/1626171.png
45,203992,Bogdan Bogdanovic,Bogdan,Bogdanovic,True,https://cdn.nba.com/headshots/nba/latest/1040x760/203992.png
46,202711,Bojan Bogdanovic,Bojan,Bogdanovic,True,https://cdn.nba.com/headshots/nba/latest/1040x760/202711.png
47,1629626,Bol Bol,Bol,Bol,True,https://cdn.nba.com/headshots/nba/latest/1040x760/1629626.png
48,1630538,Bones Hyland,Bones,Hyland,True,https://cdn.nba.com/headshots/nba/latest/1040x760/1630538.png
49,203078,Bradley Beal,Bradley,Beal,True,https://cdn.nba.com/headshots/nba/latest/1040x760/203078.png
50,1641764,Brandin Podziemski,Brandin,Podziemski,True,https://cdn.nba.com/headshots/nba/latest/1040x760/1641764.png
51,1630527,Brandon Boston Jr.,Brandon,Boston Jr.,True,https://cdn.nba.com/headshots/nba/latest/1040x760/1630527.png
52,1629634,Brandon Clarke,Brandon,Clarke,True,https://cdn.nba.com/headshots/nba/latest/1040x760/1629634.png
53,1627742,Brandon Ingram,Brandon,Ingram,True,https://cdn.nba.com/headshots/nba/latest/1040x760/1627742.png
54,1641706,Brandon Miller,Brandon,Miller,True,https://cdn.nba.com/headshots/nba/latest/1040x760/1641706.png
55,1630314,Brandon Williams,Brandon,Williams,True,https://cdn.nba.com/headshots/nba/latest/1040x760/1630314.png
56,1630296,Braxton Key,Braxton,Key,True,https://cdn.nba.com/headshots/nba/latest/1040x760/1630296.png
57,1641729,Brice Sensabaugh,Brice,Sensabaugh,True,https://cdn.nba.com/headshots/nba/latest/1040x760/1641729.png
58,1630271,Brodric Thomas,Brodric,Thomas,True,https://cdn.nba.com/headshots/nba/latest/1040x760/1630271.png
59,201572,Brook Lopez,Brook,Lopez,True,https://cdn.nba.com/headshots/nba/latest/1040x760/201572.png
60,1628971,Bruce Brown,Bruce,Brown,True,https://cdn.nba.com/headshots/nba/latest/1040x760/1628971.png
61,1628981,Bruno Fernando,Bruno,Fernando,True,https://cdn.nba.com/headshots/nba/latest/1040x760/1628981.png
62,1631121,Bryce McGowens,Bryce,McGowens,True,https://cdn.nba.com/headshots/nba/latest/1040x760/1631121.png
63,1631258,Bryson Williams,Bryson,Williams,True,https://cdn.nba.com/headshots/nba/latest/1040x760/1631258.png
64,1631205,Buddy Boeheim,Buddy,Boeheim,True,https://cdn.nba.com/headshots/nba/latest/1040x760/1631205.png
65,1627741,Buddy Hield,Buddy,Hield,True,https://cdn.nba.com/headshots/nba/latest/1040x760/1627741.png
66,203468,CJ McCollum,CJ,McCollum,True,https://cdn.nba.com/headshots/nba/latest/1040x760/203468.png
67,1630595,Cade Cunningham,Cade,Cunningham,True,https://cdn.nba.com/headshots/nba/latest/1040x760/1630595.png
68,1631216,Caleb Houstan,Caleb,Houstan,True,https://cdn.nba.com/headshots/nba/latest/1040x760/1631216.png
69,1628997,Caleb Martin,Caleb,Martin,True,https://cdn.nba.com/headshots/nba/latest/1040x760/1628997.png
70,1629629,Cam Reddish,Cam,Reddish,True,https://cdn.nba.com/headshots/nba/latest/1040x760/1629629.png
71,1630560,Cam Thomas,Cam,Thomas,True,https://cdn.nba.com/headshots/nba/latest/1040x760/1630560.png
72,1641715,Cam Whitmore,Cam,Whitmore,True,https://cdn.nba.com/headshots/nba/latest/1040x760/1641715.png
73,1629661,Cameron Johnson,Cameron,Johnson,True,https://cdn.nba.com/headshots/nba/latest/1040x760/1629661.png
74,1626166,Cameron Payne,Cameron,Payne,True,https://cdn.nba.com/headshots/nba/latest/1040x760/1626166.png
75,1627747,Caris LeVert,Caris,LeVert,True,https://cdn.nba.com/headshots/nba/latest/1040x760/1627747.png
76,1630637,Carlik Jones,Carlik,Jones,True,https://cdn.nba.com/headshots/nba/latest/1040x760/1630637.png
77,1641717,Cason Wallace,Cason,Wallace,True,https://cdn.nba.com/headshots/nba/latest/1040x760/1641717.png
78,1626224,Cedi Osman,Cedi,Osman,True,https://cdn.nba.com/headshots/nba/latest/1040x760/1626224.png
79,1628435,Chance Comanche,Chance,Comanche,True,https://cdn.nba.com/headshots/nba/latest/1040x760/1628435.png
80,1629646,Charles Bassey,Charles,Bassey,True,https://cdn.nba.com/headshots/nba/latest/1040x760/1629646.png
81,1641777,Charles Bediako,Charles,Bediako,True,https://cdn.nba.com/headshots/nba/latest/1040x760/1641777.png
82,1629718,Charlie Brown Jr.,Charlie,Brown Jr.,True,https://cdn.nba.com/headshots/nba/latest/1040x760/1629718.png
83,1641914,Chase Audige,Chase,Audige,True,https://cdn.nba.com/headshots/nba/latest/1040x760/1641914.png
84,1627767,Cheick Diallo,Cheick,Diallo,True,https://cdn.nba.com/headshots/nba/latest/1040x760/1627767.png
85,1631096,Chet Holmgren,Chet,Holmgren,True,https://cdn.nba.com/headshots/nba/latest/1040x760/1631096.png
86,1629002,Chimezie Metu,Chimezie,Metu,True,https://cdn.nba.com/headshots/nba/latest/1040x760/1629002.png
87,1628449,Chris Boucher,Chris,Boucher,True,https://cdn.nba.com/headshots/nba/latest/1040x760/1628449.png
88,1630537,Chris Duarte,Chris,Duarte,True,https://cdn.nba.com/headshots/nba/latest/1040x760/1630537.png
89,1641753,Chris Livingston,Chris,Livingston,True,https://cdn.nba.com/headshots/nba/latest/1040x760/1641753.png
90,101108,Chris Paul,Chris,Paul,True,https://cdn.nba.com/headshots/nba/latest/1040x760/101108.png
91,1631128,Christian Braun,Christian,Braun,True,https://cdn.nba.com/headshots/nba/latest/1040x760/1631128.png
92,1631132,Christian Koloko,Christian,Koloko,True,https://cdn.nba.com/headshots/nba/latest/1040x760/1631132.png
93,1626174,Christian Wood,Christian,Wood,True,https://cdn.nba.com/headshots/nba/latest/1040x760/1626174.png
94,1629643,Chuma Okeke,Chuma,Okeke,True,https://cdn.nba.com/headshots/nba/latest/1040x760/1629643.png
95,203991,Clint Capela,Clint,Capela,True,https://cdn.nba.com/headshots/nba/latest/1040x760/203991.png
96,1629632,Coby White,Coby,White,True,https://cdn.nba.com/headshots/nba/latest/1040x760/1629632.png
97,1628998,Cody Martin,Cody,Martin,True,https://cdn.nba.com/headshots/nba/latest/1040x760/1628998.png
98,203469,Cody Zeller,Cody,Zeller,True,https://cdn.nba.com/headshots/nba/latest/1040x760/203469.png
99,1641732,Colby Jones,Colby,Jones,True,https://cdn.nba.com/headshots/nba/latest/1040x760/1641732.png
100,1630175,Cole Anthony,Cole,Anthony,True,https://cdn.nba.com/headshots/nba/latest/1040x760/1630175.png
101,1631306,Cole Swider,Cole,Swider,True,https://cdn.nba.com/headshots/nba/latest/1040x760/1631306.png
102,1630658,Colin Castleton,Colin,Castleton,True,https://cdn.nba.com/headshots/nba/latest/1040x760/1630658.png
103,1631221,Collin Gillespie,Collin,Gillespie,True,https://cdn.nba.com/headshots/nba/latest/1040x760/1631221.png
104,1629012,Collin Sexton,Collin,Sexton,True,https://cdn.nba.com/headshots/nba/latest/1040x760/1629012.png
105,1630557,Corey Kispert,Corey,Kispert,True,https://cdn.nba.com/headshots/nba/latest/1040x760/1630557.png
106,202709,Cory Joseph,Cory,Joseph,True,https://cdn.nba.com/headshots/nba/latest/1040x760/202709.png
107,1641854,Craig Porter,Craig,Porter,True,https://cdn.nba.com/headshots/nba/latest/1040x760/1641854.png
108,1626156,D'Angelo Russell,D'Angelo,Russell,True,https://cdn.nba.com/headshots/nba/latest/1040x760/1626156.png
109,1641793,D'Moi Hodge,D'Moi,Hodge,True,https://cdn.nba.com/headshots/nba/latest/1040x760/1641793.png
110,1628391,D.J. Wilson,D.J.,Wilson,True,https://cdn.nba.com/headshots/nba/latest/1040x760/1628391.png
111,1630569,DJ Steward,DJ,Steward,True,https://cdn.nba.com/headshots/nba/latest/1040x760/1630569.png
112,1629610,DaQuan Jeffries,DaQuan,Jeffries,True,https://cdn.nba.com/headshots/nba/latest/1040x760/1629610.png
113,1630227,Daishen Nix,Daishen,Nix,True,https://cdn.nba.com/headshots/nba/latest/1040x760/1630227.png
114,1630625,Dalano Banton,Dalano,Banton,True,https://cdn.nba.com/headshots/nba/latest/1040x760/1630625.png
115,1631207,Dalen Terry,Dalen,Terry,True,https://cdn.nba.com/headshots/nba/latest/1040x760/1631207.png
116,1627745,Damian Jones,Damian,Jones,True,https://cdn.nba.com/headshots/nba/latest/1040x760/1627745.png
117,203081,Damian Lillard,Damian,Lillard,True,https://cdn.nba.com/headshots/nba/latest/1040x760/203081.png
118,1641878,Damion Baugh,Damion,Baugh,True,https://cdn.nba.com/headshots/nba/latest/1040x760/1641878.png
119,1627814,Damion Lee,Damion,Lee,True,https://cdn.nba.com/headshots/nba/latest/1040x760/1627814.png
120,1629655,Daniel Gafford,Daniel,Gafford,True,https://cdn.nba.com/headshots/nba/latest/1040x760/1629655.png
121,1628464,Daniel Theis,Daniel,Theis,True,https://cdn.nba.com/headshots/nba/latest/1040x760/1628464.png
122,201568,Danilo Gallinari,Danilo,Gallinari,True,https://cdn.nba.com/headshots/nba/latest/1040x760/201568.png
123,201980,Danny Green,Danny,Green,True,https://cdn.nba.com/headshots/nba/latest/1040x760/201980.png
124,203957,Dante Exum,Dante,Exum,True,https://cdn.nba.com/headshots/nba/latest/1040x760/203957.png
125,1627863,Danuel House Jr.,Danuel,House Jr.,True,https://cdn.nba.com/headshots/nba/latest/1040x760/1627863.png
126,203967,Dario Saric,Dario,Saric,True,https://cdn.nba.com/headshots/nba/latest/1040x760/203967.png
127,1641727,Dariq Whitehead,Dariq,Whitehead,True,https://cdn.nba.com/headshots/nba/latest/1040x760/1641727.png
128,1629647,Darius Bazley,Darius,Bazley,True,https://cdn.nba.com/headshots/nba/latest/1040x760/1629647.png
129,1630620,Darius Days,Darius,Days,True,https://cdn.nba.com/headshots/nba/latest/1040x760/1630620.png
130,1629636,Darius Garland,Darius,Garland,True,https://cdn.nba.com/headshots/nba/latest/1040x760/1629636.png
131,1630561,David Duke Jr.,David,Duke Jr.,True,https://cdn.nba.com/headshots/nba/latest/1040x760/1630561.png
132,1631223,David Roddy,David,Roddy,True,https://cdn.nba.com/headshots/nba/latest/1040x760/1631223.png
133,1630558,Davion Mitchell,Davion,Mitchell,True,https://cdn.nba.com/headshots/nba/latest/1040x760/1630558.png
134,202722,Davis Bertans,Davis,Bertans,True,https://cdn.nba.com/headshots/nba/latest/1040x760/202722.png
135,1630549,Day'Ron Sharpe,Day'Ron,Sharpe,True,https://cdn.nba.com/headshots/nba/latest/1040x760/1630549.png
136,1628368,De'Aaron Fox,De'Aaron,Fox,True,https://cdn.nba.com/headshots/nba/latest/1040x760/1628368.png
137,1629631,De'Andre Hunter,De'Andre,Hunter,True,https://cdn.nba.com/headshots/nba/latest/1040x760/1629631.png
138,1629001,De'Anthony Melton,De'Anthony,Melton,True,https://cdn.nba.com/headshots/nba/latest/1040x760/1629001.png
139,201599,DeAndre Jordan,DeAndre,Jordan,True,https://cdn.nba.com/headshots/nba/latest/1040x760/201599.png
140,201942,DeMar DeRozan,DeMar,DeRozan,True,https://cdn.nba.com/headshots/nba/latest/1040x760/201942.png
141,1629731,Dean Wade,Dean,Wade,True,https://cdn.nba.com/headshots/nba/latest/1040x760/1629731.png
142,1629028,Deandre Ayton,Deandre,Ayton,True,https://cdn.nba.com/headshots/nba/latest/1040x760/1629028.png
143,1627749,Dejounte Murray,Dejounte,Murray,True,https://cdn.nba.com/headshots/nba/latest/1040x760/1627749.png
144,1626153,Delon Wright,Delon,Wright,True,https://cdn.nba.com/headshots/nba/latest/1040x760/1626153.png
145,1630166,Deni Avdija,Deni,Avdija,True,https://cdn.nba.com/headshots/nba/latest/1040x760/1630166.png
146,203471,Dennis Schroder,Dennis,Schroder,True,https://cdn.nba.com/headshots/nba/latest/1040x760/203471.png
147,1628372,Dennis Smith Jr.,Dennis,Smith Jr.,True,https://cdn.nba.com/headshots/nba/latest/1040x760/1628372.png
148,1629126,Deonte Burton,Deonte,Burton,True,https://cdn.nba.com/headshots/nba/latest/1040x760/1629126.png
149,1641726,Dereck Lively II,Dereck,Lively II,True,https://cdn.nba.com/headshots/nba/latest/1040x760/1641726.png
150,1631220,Dereon Seabron,Dereon,Seabron,True,https://cdn.nba.com/headshots/nba/latest/1040x760/1631220.png
151,1627884,Derrick Jones Jr.,Derrick,Jones Jr.,True,https://cdn.nba.com/headshots/nba/latest/1040x760/1627884.png
152,201565,Derrick Rose,Derrick,Rose,True,https://cdn.nba.com/headshots/nba/latest/1040x760/201565.png
153,1628401,Derrick White,Derrick,White,True,https://cdn.nba.com/headshots/nba/latest/1040x760/1628401.png
154,1630217,Desmond Bane,Desmond,Bane,True,https://cdn.nba.com/headshots/nba/latest/1040x760/1630217.png
155,1626164,Devin Booker,Devin,Booker,True,https://cdn.nba.com/headshots/nba/latest/1040x760/1626164.png
156,1630170,Devin Vassell,Devin,Vassell,True,https://cdn.nba.com/headshots/nba/latest/1040x760/1630170.png
157,1628984,Devonte' Graham,Devonte',Graham,True,https://cdn.nba.com/headshots/nba/latest/1040x760/1628984.png
158,1641926,Dexter Dennis,Dexter,Dennis,True,https://cdn.nba.com/headshots/nba/latest/1040x760/1641926.png
159,1628415,Dillon Brooks,Dillon,Brooks,True,https://cdn.nba.com/headshots/nba/latest/1040x760/1628415.png
160,1627734,Domantas Sabonis,Domantas,Sabonis,True,https://cdn.nba.com/headshots/nba/latest/1040x760/1627734.png
161,1631230,Dominick Barlow,Dominick,Barlow,True,https://cdn.nba.com/headshots/nba/latest/1040x760/1631230.png
162,1628378,Donovan Mitchell,Donovan,Mitchell,True,https://cdn.nba.com/headshots/nba/latest/1040x760/1628378.png
163,1631495,Donovan Williams,Donovan,Williams,True,https://cdn.nba.com/headshots/nba/latest/1040x760/1631495.png
164,1628978,Donte DiVincenzo,Donte,DiVincenzo,True,https://cdn.nba.com/headshots/nba/latest/1040x760/1628978.png
165,1627827,Dorian Finney-Smith,Dorian,Finney-Smith,True,https://cdn.nba.com/headshots/nba/latest/1040x760/1627827.png
166,203926,Doug McDermott,Doug,McDermott,True,https://cdn.nba.com/headshots/nba/latest/1040x760/203926.png
167,203110,Draymond Green,Draymond,Green,True,https://cdn.nba.com/headshots/nba/latest/1040x760/203110.png
168,1629234,Drew Eubanks,Drew,Eubanks,True,https://cdn.nba.com/headshots/nba/latest/1040x760/1629234.png
169,1641809,Drew Peterson,Drew,Peterson,True,https://cdn.nba.com/headshots/nba/latest/1040x760/1641809.png
170,1631166,Drew Timme,Drew,Timme,True,https://cdn.nba.com/headshots/nba/latest/1040x760/1631166.png
171,1630696,Dru Smith,Dru,Smith,True,https://cdn.nba.com/headshots/nba/latest/1040x760/1630696.png
172,1630613,Duane Washington Jr.,Duane,Washington Jr.,True,https://cdn.nba.com/headshots/nba/latest/1040x760/1630613.png
173,1629130,Duncan Robinson,Duncan,Robinson,True,https://cdn.nba.com/headshots/nba/latest/1040x760/1629130.png
174,1641871,Duop Reath,Duop,Reath,True,https://cdn.nba.com/headshots/nba/latest/1040x760/1641871.png
175,203939,Dwight Powell,Dwight,Powell,True,https://cdn.nba.com/headshots/nba/latest/1040x760/203939.png
176,1629685,Dylan Windler,Dylan,Windler,True,https://cdn.nba.com/headshots/nba/latest/1040x760/1629685.png
177,1630700,Dyson Daniels,Dyson,Daniels,True,https://cdn.nba.com/headshots/nba/latest/1040x760/1630700.png
178,1630604,E.J. Liddell,E.J.,Liddell,True,https://cdn.nba.com/headshots/nba/latest/1040x760/1630604.png
179,1628410,Edmond Sumner,Edmond,Sumner,True,https://cdn.nba.com/headshots/nba/latest/1040x760/1628410.png
180,1641734,Emoni Bates,Emoni,Bates,True,https://cdn.nba.com/headshots/nba/latest/1040x760/1641734.png
181,201569,Eric Gordon,Eric,Gordon,True,https://cdn.nba.com/headshots/nba/latest/1040x760/201569.png
182,1630647,Eugene Omoruyi,Eugene,Omoruyi,True,https://cdn.nba.com/headshots/nba/latest/1040x760/1630647.png
183,203095,Evan Fournier,Evan,Fournier,True,https://cdn.nba.com/headshots/nba/latest/1040x760/203095.png
184,1630596,Evan Mobley,Evan,Mobley,True,https://cdn.nba.com/headshots/nba/latest/1040x760/1630596.png
185,1630196,Filip Petrusev,Filip,Petrusev,True,https://cdn.nba.com/headshots/nba/latest/1040x760/1630196.png
186,1628373,Frank Ntilikina,Frank,Ntilikina,True,https://cdn.nba.com/headshots/nba/latest/1040x760/1628373.png
187,1630532,Franz Wagner,Franz,Wagner,True,https://cdn.nba.com/headshots/nba/latest/1040x760/1630532.png
188,1627832,Fred VanVleet,Fred,VanVleet,True,https://cdn.nba.com/headshots/nba/latest/1040x760/1627832.png
189,1627788,Furkan Korkmaz,Furkan,Korkmaz,True,https://cdn.nba.com/headshots/nba/latest/1040x760/1627788.png
190,1641713,GG Jackson,GG,Jackson,True,https://cdn.nba.com/headshots/nba/latest/1040x760/1641713.png
191,1629216,Gabe Vincent,Gabe,Vincent,True,https://cdn.nba.com/headshots/nba/latest/1040x760/1629216.png
192,202066,Garrett Temple,Garrett,Temple,True,https://cdn.nba.com/headshots/nba/latest/1040x760/202066.png
193,1629726,Garrison Mathews,Garrison,Mathews,True,https://cdn.nba.com/headshots/nba/latest/1040x760/1629726.png
194,203914,Gary Harris,Gary,Harris,True,https://cdn.nba.com/headshots/nba/latest/1040x760/203914.png
195,1627780,Gary Payton II,Gary,Payton II,True,https://cdn.nba.com/headshots/nba/latest/1040x760/1627780.png
196,1629018,Gary Trent Jr.,Gary,Trent Jr.,True,https://cdn.nba.com/headshots/nba/latest/1040x760/1629018.png
197,1627777,Georges Niang,Georges,Niang,True,https://cdn.nba.com/headshots/nba/latest/1040x760/1627777.png
198,203507,Giannis Antetokounmpo,Giannis,Antetokounmpo,True,https://cdn.nba.com/headshots/nba/latest/1040x760/203507.png
199,1629048,Goga Bitadze,Goga,Bitadze,True,https://cdn.nba.com/headshots/nba/latest/1040x760/1629048.png
200,202330,Gordon Hayward,Gordon,Hayward,True,https://cdn.nba.com/headshots/nba/latest/1040x760/202330.png
201,1641711,Gradey Dick,Gradey,Dick,True,https://cdn.nba.com/headshots/nba/latest/1040x760/1641711.png
202,1629684,Grant Williams,Grant,Williams,True,https://cdn.nba.com/headshots/nba/latest/1040x760/1629684.png
203,1628960,Grayson Allen,Grayson,Allen,True,https://cdn.nba.com/headshots/nba/latest/1040x760/1628960.png
204,1630535,Greg Brown III,Greg,Brown III,True,https://cdn.nba.com/headshots/nba/latest/1040x760/1630535.png
205,203084,Harrison Barnes,Harrison,Barnes,True,https://cdn.nba.com/headshots/nba/latest/1040x760/203084.png
206,1628385,Harry Giles III,Harry,Giles III,True,https://cdn.nba.com/headshots/nba/latest/1040x760/1628385.png
207,1629312,Haywood Highsmith,Haywood,Highsmith,True,https://cdn.nba.com/headshots/nba/latest/1040x760/1629312.png
208,1630929,Henri Drell,Henri,Drell,True,https://cdn.nba.com/headshots/nba/latest/1040x760/1630929.png
209,1630529,Herbert Jones,Herbert,Jones,True,https://cdn.nba.com/headshots/nba/latest/1040x760/1630529.png
210,1641816,Hunter Tyson,Hunter,Tyson,True,https://cdn.nba.com/headshots/nba/latest/1040x760/1641816.png
211,1630641,Ibou Badji,Ibou,Badji,True,https://cdn.nba.com/headshots/nba/latest/1040x760/1630641.png
212,1630193,Immanuel Quickley,Immanuel,Quickley,True,https://cdn.nba.com/headshots/nba/latest/1040x760/1630193.png
213,1630171,Isaac Okoro,Isaac,Okoro,True,https://cdn.nba.com/headshots/nba/latest/1040x760/1630171.png
214,1628392,Isaiah Hartenstein,Isaiah,Hartenstein,True,https://cdn.nba.com/headshots/nba/latest/1040x760/1628392.png
215,1630543,Isaiah Jackson,Isaiah,Jackson,True,https://cdn.nba.com/headshots/nba/latest/1040x760/1630543.png
216,1630198,Isaiah Joe,Isaiah,Joe,True,https://cdn.nba.com/headshots/nba/latest/1040x760/1630198.png
217,1630587,Isaiah Livers,Isaiah,Livers,True,https://cdn.nba.com/headshots/nba/latest/1040x760/1630587.png
218,1630600,Isaiah Mobley,Isaiah,Mobley,True,https://cdn.nba.com/headshots/nba/latest/1040x760/1630600.png
219,1629676,Isaiah Roby,Isaiah,Roby,True,https://cdn.nba.com/headshots/nba/latest/1040x760/1629676.png
220,1630191,Isaiah Stewart,Isaiah,Stewart,True,https://cdn.nba.com/headshots/nba/latest/1040x760/1630191.png
221,1631209,Isaiah Wong,Isaiah,Wong,True,https://cdn.nba.com/headshots/nba/latest/1040x760/1631209.png
222,1630688,Ish Wainright,Ish,Wainright,True,https://cdn.nba.com/headshots/nba/latest/1040x760/1630688.png
223,1627826,Ivica Zubac,Ivica,Zubac,True,https://cdn.nba.com/headshots/nba/latest/1040x760/1627826.png
224,1631120,JD Davison,JD,Davison,True,https://cdn.nba.com/headshots/nba/latest/1040x760/1631120.png
225,1630550,JT Thor,JT,Thor,True,https://cdn.nba.com/headshots/nba/latest/1040x760/1630550.png
226,1629630,Ja Morant,Ja,Morant,True,https://cdn.nba.com/headshots/nba/latest/1040x760/1629630.png
227,201580,JaVale McGee,JaVale,McGee,True,https://cdn.nba.com/headshots/nba/latest/1040x760/201580.png
228,1631095,Jabari Smith Jr.,Jabari,Smith Jr.,True,https://cdn.nba.com/headshots/nba/latest/1040x760/1631095.png
229,1631133,Jabari Walker,Jabari,Walker,True,https://cdn.nba.com/headshots/nba/latest/1040x760/1631133.png
230,1631298,Jack White,Jack,White,True,https://cdn.nba.com/headshots/nba/latest/1040x760/1631298.png
231,1631367,Jacob Gilyard,Jacob,Gilyard,True,https://cdn.nba.com/headshots/nba/latest/1040x760/1631367.png
232,1631210,Jacob Toppin,Jacob,Toppin,True,https://cdn.nba.com/headshots/nba/latest/1040x760/1631210.png
233,1630702,Jaden Hardy,Jaden,Hardy,True,https://cdn.nba.com/headshots/nba/latest/1040x760/1630702.png
234,1631093,Jaden Ivey,Jaden,Ivey,True,https://cdn.nba.com/headshots/nba/latest/1040x760/1631093.png
235,1630183,Jaden McDaniels,Jaden,McDaniels,True,https://cdn.nba.com/headshots/nba/latest/1040x760/1630183.png
236,1630531,Jaden Springer,Jaden,Springer,True,https://cdn.nba.com/headshots/nba/latest/1040x760/1630531.png
237,203109,Jae Crowder,Jae,Crowder,True,https://cdn.nba.com/headshots/nba/latest/1040x760/203109.png
238,1630256,Jae'Sean Tate,Jae'Sean,Tate,True,https://cdn.nba.com/headshots/nba/latest/1040x760/1630256.png
239,1631170,Jaime Jaquez Jr.,Jaime,Jaquez Jr.,True,https://cdn.nba.com/headshots/nba/latest/1040x760/1631170.png
240,1631222,Jake LaRavia,Jake,LaRavia,True,https://cdn.nba.com/headshots/nba/latest/1040x760/1631222.png
241,1627751,Jakob Poeltl,Jakob,Poeltl,True,https://cdn.nba.com/headshots/nba/latest/1040x760/1627751.png
242,1628973,Jalen Brunson,Jalen,Brunson,True,https://cdn.nba.com/headshots/nba/latest/1040x760/1628973.png
243,1631105,Jalen Duren,Jalen,Duren,True,https://cdn.nba.com/headshots/nba/latest/1040x760/1631105.png
244,1630224,Jalen Green,Jalen,Green,True,https://cdn.nba.com/headshots/nba/latest/1040x760/1630224.png
245,1641720,Jalen Hood-Schifino,Jalen,Hood-Schifino,True,https://cdn.nba.com/headshots/nba/latest/1040x760/1641720.png
246,1630552,Jalen Johnson,Jalen,Johnson,True,https://cdn.nba.com/headshots/nba/latest/1040x760/1630552.png
247,1629667,Jalen McDaniels,Jalen,McDaniels,True,https://cdn.nba.com/headshots/nba/latest/1040x760/1629667.png
248,1629618,Jalen Pickett,Jalen,Pickett,True,https://cdn.nba.com/headshots/nba/latest/1040x760/1629618.png
249,1641771,Jalen Slawson,Jalen,Slawson,True,https://cdn.nba.com/headshots/nba/latest/1040x760/1641771.png
250,1630188,Jalen Smith,Jalen,Smith,True,https://cdn.nba.com/headshots/nba/latest/1040x760/1630188.png
251,1630591,Jalen Suggs,Jalen,Suggs,True,https://cdn.nba.com/headshots/nba/latest/1040x760/1630591.png
252,1631114,Jalen Williams,Jalen,Williams,True,https://cdn.nba.com/headshots/nba/latest/1040x760/1631114.png
253,1630592,Jalen Wilson,Jalen,Wilson,True,https://cdn.nba.com/headshots/nba/latest/1040x760/1630592.png
254,1631288,Jamal Cain,Jamal,Cain,True,https://cdn.nba.com/headshots/nba/latest/1040x760/1631288.png
255,1627750,Jamal Murray,Jamal,Murray,True,https://cdn.nba.com/headshots/nba/latest/1040x760/1627750.png
256,1630547,James Bouknight,James,Bouknight,True,https://cdn.nba.com/headshots/nba/latest/1040x760/1630547.png
257,201935,James Harden,James,Harden,True,https://cdn.nba.com/headshots/nba/latest/1040x760/201935.png
258,1630164,James Wiseman,James,Wiseman,True,https://cdn.nba.com/headshots/nba/latest/1040x760/1630164.png
259,1641716,Jarace Walker,Jarace,Walker,True,https://cdn.nba.com/headshots/nba/latest/1040x760/1641716.png
260,1630215,Jared Butler,Jared,Butler,True,https://cdn.nba.com/headshots/nba/latest/1040x760/1630215.png
261,1631197,Jared Rhoden,Jared,Rhoden,True,https://cdn.nba.com/headshots/nba/latest/1040x760/1631197.png
262,1628991,Jaren Jackson Jr.,Jaren,Jackson Jr.,True,https://cdn.nba.com/headshots/nba/latest/1040x760/1628991.png
263,1641935,Jarkell Joiner,Jarkell,Joiner,True,https://cdn.nba.com/headshots/nba/latest/1040x760/1641935.png
264,1629020,Jarred Vanderbilt,Jarred,Vanderbilt,True,https://cdn.nba.com/headshots/nba/latest/1040x760/1629020.png
265,1628386,Jarrett Allen,Jarrett,Allen,True,https://cdn.nba.com/headshots/nba/latest/1040x760/1628386.png
266,1641881,Javan Johnson,Javan,Johnson,True,https://cdn.nba.com/headshots/nba/latest/1040x760/1641881.png
267,1631241,Javon Freeman-Liberty,Javon,Freeman-Liberty,True,https://cdn.nba.com/headshots/nba/latest/1040x760/1631241.png
268,1630606,Javonte Smart,Javonte,Smart,True,https://cdn.nba.com/headshots/nba/latest/1040x760/1630606.png
269,1629637,Jaxson Hayes,Jaxson,Hayes,True,https://cdn.nba.com/headshots/nba/latest/1040x760/1629637.png
270,1630643,Jay Huff,Jay,Huff,True,https://cdn.nba.com/headshots/nba/latest/1040x760/1630643.png
271,1630206,Jay Scrubb,Jay,Scrubb,True,https://cdn.nba.com/headshots/nba/latest/1040x760/1630206.png
272,1627759,Jaylen Brown,Jaylen,Brown,True,https://cdn.nba.com/headshots/nba/latest/1040x760/1627759.png
273,1641740,Jaylen Clark,Jaylen,Clark,True,https://cdn.nba.com/headshots/nba/latest/1040x760/1641740.png
274,1641798,Jaylen Martin,Jaylen,Martin,True,https://cdn.nba.com/headshots/nba/latest/1040x760/1641798.png
275,1629669,Jaylen Nowell,Jaylen,Nowell,True,https://cdn.nba.com/headshots/nba/latest/1040x760/1629669.png
276,1631119,Jaylin Williams,Jaylin,Williams,True,https://cdn.nba.com/headshots/nba/latest/1040x760/1631119.png
277,1628369,Jayson Tatum,Jayson,Tatum,True,https://cdn.nba.com/headshots/nba/latest/1040x760/1628369.png
278,1641789,Jazian Gortman,Jazian,Gortman,True,https://cdn.nba.com/headshots/nba/latest/1040x760/1641789.png
279,1631466,Jeenathan Williams,Jeenathan,Williams,True,https://cdn.nba.com/headshots/nba/latest/1040x760/1631466.png
280,1630288,Jeff Dowtin Jr.,Jeff,Dowtin Jr.,True,https://cdn.nba.com/headshots/nba/latest/1040x760/1630288.png
281,201145,Jeff Green,Jeff,Green,True,https://cdn.nba.com/headshots/nba/latest/1040x760/201145.png
282,203924,Jerami Grant,Jerami,Grant,True,https://cdn.nba.com/headshots/nba/latest/1040x760/203924.png
283,1630526,Jeremiah Robinson-Earl,Jeremiah,Robinson-Earl,True,https://cdn.nba.com/headshots/nba/latest/1040x760/1630526.png
284,203087,Jeremy Lamb,Jeremy,Lamb,True,https://cdn.nba.com/headshots/nba/latest/1040x760/203087.png
285,1631110,Jeremy Sochan,Jeremy,Sochan,True,https://cdn.nba.com/headshots/nba/latest/1040x760/1631110.png
286,1630579,Jericho Sims,Jericho,Sims,True,https://cdn.nba.com/headshots/nba/latest/1040x760/1630579.png
287,1631257,Jermaine Samuels Jr.,Jermaine,Samuels Jr.,True,https://cdn.nba.com/headshots/nba/latest/1040x760/1631257.png
288,1629010,Jerome Robinson,Jerome,Robinson,True,https://cdn.nba.com/headshots/nba/latest/1040x760/1629010.png
289,1641724,Jett Howard,Jett,Howard,True,https://cdn.nba.com/headshots/nba/latest/1040x760/1641724.png
290,1628975,Jevon Carter,Jevon,Carter,True,https://cdn.nba.com/headshots/nba/latest/1040x760/1628975.png
291,202710,Jimmy Butler,Jimmy,Butler,True,https://cdn.nba.com/headshots/nba/latest/1040x760/202710.png
292,1629111,Jock Landale,Jock,Landale,True,https://cdn.nba.com/headshots/nba/latest/1040x760/1629111.png
293,203925,Joe Harris,Joe,Harris,True,https://cdn.nba.com/headshots/nba/latest/1040x760/203925.png
294,204060,Joe Ingles,Joe,Ingles,True,https://cdn.nba.com/headshots/nba/latest/1040x760/204060.png
295,1630580,Joe Wieskamp,Joe,Wieskamp,True,https://cdn.nba.com/headshots/nba/latest/1040x760/1630580.png
296,203954,Joel Embiid,Joel,Embiid,True,https://cdn.nba.com/headshots/nba/latest/1040x760/203954.png
297,1641792,Joey Hauser,Joey,Hauser,True,https://cdn.nba.com/headshots/nba/latest/1040x760/1641792.png
298,1631219,John Butler Jr.,John,Butler Jr.,True,https://cdn.nba.com/headshots/nba/latest/1040x760/1631219.png
299,1628381,John Collins,John,Collins,True,https://cdn.nba.com/headshots/nba/latest/1040x760/1628381.png
300,1629723,John Konchar,John,Konchar,True,https://cdn.nba.com/headshots/nba/latest/1040x760/1629723.png
301,1631098,Johnny Davis,Johnny,Davis,True,https://cdn.nba.com/headshots/nba/latest/1040x760/1631098.png
302,1630548,Johnny Juzang,Johnny,Juzang,True,https://cdn.nba.com/headshots/nba/latest/1040x760/1630548.png
303,202685,Jonas Valanciunas,Jonas,Valanciunas,True,https://cdn.nba.com/headshots/nba/latest/1040x760/202685.png
304,1628371,Jonathan Isaac,Jonathan,Isaac,True,https://cdn.nba.com/headshots/nba/latest/1040x760/1628371.png
305,1630228,Jonathan Kuminga,Jonathan,Kuminga,True,https://cdn.nba.com/headshots/nba/latest/1040x760/1630228.png
306,1629007,Jontay Porter,Jontay,Porter,True,https://cdn.nba.com/headshots/nba/latest/1040x760/1629007.png
307,203903,Jordan Clarkson,Jordan,Clarkson,True,https://cdn.nba.com/headshots/nba/latest/1040x760/203903.png
308,1630259,Jordan Ford,Jordan,Ford,True,https://cdn.nba.com/headshots/nba/latest/1040x760/1630259.png
309,1630692,Jordan Goodwin,Jordan,Goodwin,True,https://cdn.nba.com/headshots/nba/latest/1040x760/1630692.png
310,1641722,Jordan Hawkins,Jordan,Hawkins,True,https://cdn.nba.com/headshots/nba/latest/1040x760/1641722.png
311,1629162,Jordan McLaughlin,Jordan,McLaughlin,True,https://cdn.nba.com/headshots/nba/latest/1040x760/1629162.png
312,1641757,Jordan Miller,Jordan,Miller,True,https://cdn.nba.com/headshots/nba/latest/1040x760/1641757.png
313,1629670,Jordan Nwora,Jordan,Nwora,True,https://cdn.nba.com/headshots/nba/latest/1040x760/1629670.png
314,1629673,Jordan Poole,Jordan,Poole,True,https://cdn.nba.com/headshots/nba/latest/1040x760/1629673.png
315,1641948,Jordan Walker,Jordan,Walker,True,https://cdn.nba.com/headshots/nba/latest/1040x760/1641948.png
316,1641775,Jordan Walsh,Jordan,Walsh,True,https://cdn.nba.com/headshots/nba/latest/1040x760/1641775.png
317,1630631,Jose Alvarado,Jose,Alvarado,True,https://cdn.nba.com/headshots/nba/latest/1040x760/1630631.png
318,1630581,Josh Giddey,Josh,Giddey,True,https://cdn.nba.com/headshots/nba/latest/1040x760/1630581.png
319,1630182,Josh Green,Josh,Green,True,https://cdn.nba.com/headshots/nba/latest/1040x760/1630182.png
320,1628404,Josh Hart,Josh,Hart,True,https://cdn.nba.com/headshots/nba/latest/1040x760/1628404.png
321,1631169,Josh Minott,Josh,Minott,True,https://cdn.nba.com/headshots/nba/latest/1040x760/1631169.png
322,1629006,Josh Okogie,Josh,Okogie,True,https://cdn.nba.com/headshots/nba/latest/1040x760/1629006.png
323,1626196,Josh Richardson,Josh,Richardson,True,https://cdn.nba.com/headshots/nba/latest/1040x760/1626196.png
324,1630563,Joshua Primo,Joshua,Primo,True,https://cdn.nba.com/headshots/nba/latest/1040x760/1630563.png
325,201950,Jrue Holiday,Jrue,Holiday,True,https://cdn.nba.com/headshots/nba/latest/1040x760/201950.png
326,1631262,Jules Bernard,Jules,Bernard,True,https://cdn.nba.com/headshots/nba/latest/1040x760/1631262.png
327,1630577,Julian Champagnie,Julian,Champagnie,True,https://cdn.nba.com/headshots/nba/latest/1040x760/1630577.png
328,1641763,Julian Phillips,Julian,Phillips,True,https://cdn.nba.com/headshots/nba/latest/1040x760/1641763.png
329,1631124,Julian Strawther,Julian,Strawther,True,https://cdn.nba.com/headshots/nba/latest/1040x760/1631124.png
330,203944,Julius Randle,Julius,Randle,True,https://cdn.nba.com/headshots/nba/latest/1040x760/203944.png
331,1630551,Justin Champagnie,Justin,Champagnie,True,https://cdn.nba.com/headshots/nba/latest/1040x760/1630551.png
332,203200,Justin Holiday,Justin,Holiday,True,https://cdn.nba.com/headshots/nba/latest/1040x760/203200.png
333,1631171,Justin Lewis,Justin,Lewis,True,https://cdn.nba.com/headshots/nba/latest/1040x760/1631171.png
334,1631303,Justin Minaya,Justin,Minaya,True,https://cdn.nba.com/headshots/nba/latest/1040x760/1631303.png
335,1641920,Justin Powell,Justin,Powell,True,https://cdn.nba.com/headshots/nba/latest/1040x760/1641920.png
336,203994,Jusuf Nurkic,Jusuf,Nurkic,True,https://cdn.nba.com/headshots/nba/latest/1040x760/203994.png
337,1630539,Kai Jones,Kai,Jones,True,https://cdn.nba.com/headshots/nba/latest/1040x760/1630539.png
338,1629232,Kaiser Gates,Kaiser,Gates,True,https://cdn.nba.com/headshots/nba/latest/1040x760/1629232.png
339,1626157,Karl-Anthony Towns,Karl-Anthony,Towns,True,https://cdn.nba.com/headshots/nba/latest/1040x760/1626157.png
340,202695,Kawhi Leonard,Kawhi,Leonard,True,https://cdn.nba.com/headshots/nba/latest/1040x760/202695.png
341,1630811,Keaton Wallace,Keaton,Wallace,True,https://cdn.nba.com/headshots/nba/latest/1040x760/1630811.png
342,1631099,Keegan Murray,Keegan,Murray,True,https://cdn.nba.com/headshots/nba/latest/1040x760/1631099.png
343,1628966,Keita Bates-Diop,Keita,Bates-Diop,True,https://cdn.nba.com/headshots/nba/latest/1040x760/1628966.png
344,1629640,Keldon Johnson,Keldon,Johnson,True,https://cdn.nba.com/headshots/nba/latest/1040x760/1629640.png
345,203482,Kelly Olynyk,Kelly,Olynyk,True,https://cdn.nba.com/headshots/nba/latest/1040x760/203482.png
346,1626162,Kelly Oubre Jr.,Kelly,Oubre Jr.,True,https://cdn.nba.com/headshots/nba/latest/1040x760/1626162.png
347,1631112,Kendall Brown,Kendall,Brown,True,https://cdn.nba.com/headshots/nba/latest/1040x760/1631112.png
348,1630660,Kendric Davis,Kendric,Davis,True,https://cdn.nba.com/headshots/nba/latest/1040x760/1630660.png
349,1631254,Kenneth Lofton Jr.,Kenneth,Lofton Jr.,True,https://cdn.nba.com/headshots/nba/latest/1040x760/1631254.png
350,1629026,Kenrich Williams,Kenrich,Williams,True,https://cdn.nba.com/headshots/nba/latest/1040x760/1629026.png
351,203484,Kentavious Caldwell-Pope,Kentavious,Caldwell-Pope,True,https://cdn.nba.com/headshots/nba/latest/1040x760/203484.png
352,1630231,Kenyon Martin Jr.,Kenyon,Martin Jr.,True,https://cdn.nba.com/headshots/nba/latest/1040x760/1630231.png
353,1631165,Keon Ellis,Keon,Ellis,True,https://cdn.nba.com/headshots/nba/latest/1040x760/1631165.png
354,1630553,Keon Johnson,Keon,Johnson,True,https://cdn.nba.com/headshots/nba/latest/1040x760/1630553.png
355,1630556,Kessler Edwards,Kessler,Edwards,True,https://cdn.nba.com/headshots/nba/latest/1040x760/1630556.png
356,201142,Kevin Durant,Kevin,Durant,True,https://cdn.nba.com/headshots/nba/latest/1040x760/201142.png
357,1628989,Kevin Huerter,Kevin,Huerter,True,https://cdn.nba.com/headshots/nba/latest/1040x760/1628989.png
358,1628995,Kevin Knox II,Kevin,Knox II,True,https://cdn.nba.com/headshots/nba/latest/1040x760/1628995.png
359,201567,Kevin Love,Kevin,Love,True,https://cdn.nba.com/headshots/nba/latest/1040x760/201567.png
360,1629645,Kevin Porter Jr.,Kevin,Porter Jr.,True,https://cdn.nba.com/headshots/nba/latest/1040x760/1629645.png
361,1630284,Kevon Harris,Kevon,Harris,True,https://cdn.nba.com/headshots/nba/latest/1040x760/1630284.png
362,1626172,Kevon Looney,Kevon,Looney,True,https://cdn.nba.com/headshots/nba/latest/1040x760/1626172.png
363,1641749,Keyontae Johnson,Keyontae,Johnson,True,https://cdn.nba.com/headshots/nba/latest/1040x760/1641749.png
364,1641718,Keyonte George,Keyonte,George,True,https://cdn.nba.com/headshots/nba/latest/1040x760/1641718.png
365,203920,Khem Birch,Khem,Birch,True,https://cdn.nba.com/headshots/nba/latest/1040x760/203920.png
366,203114,Khris Middleton,Khris,Middleton,True,https://cdn.nba.com/headshots/nba/latest/1040x760/203114.png
367,1630165,Killian Hayes,Killian,Hayes,True,https://cdn.nba.com/headshots/nba/latest/1040x760/1630165.png
368,1630184,Kira Lewis Jr.,Kira,Lewis Jr.,True,https://cdn.nba.com/headshots/nba/latest/1040x760/1630184.png
369,202691,Klay Thompson,Klay,Thompson,True,https://cdn.nba.com/headshots/nba/latest/1040x760/202691.png
370,1641738,Kobe Brown,Kobe,Brown,True,https://cdn.nba.com/headshots/nba/latest/1040x760/1641738.png
371,1641723,Kobe Bufkin,Kobe,Bufkin,True,https://cdn.nba.com/headshots/nba/latest/1040x760/1641723.png
372,1627739,Kris Dunn,Kris,Dunn,True,https://cdn.nba.com/headshots/nba/latest/1040x760/1627739.png
373,1631200,Kris Murray,Kris,Murray,True,https://cdn.nba.com/headshots/nba/latest/1040x760/1631200.png
374,204001,Kristaps Porzingis,Kristaps,Porzingis,True,https://cdn.nba.com/headshots/nba/latest/1040x760/204001.png
375,203937,Kyle Anderson,Kyle,Anderson,True,https://cdn.nba.com/headshots/nba/latest/1040x760/203937.png
376,1628398,Kyle Kuzma,Kyle,Kuzma,True,https://cdn.nba.com/headshots/nba/latest/1040x760/1628398.png
377,200768,Kyle Lowry,Kyle,Lowry,True,https://cdn.nba.com/headshots/nba/latest/1040x760/200768.png
378,1630283,Kylor Kelley,Kylor,Kelley,True,https://cdn.nba.com/headshots/nba/latest/1040x760/1630283.png
379,202681,Kyrie Irving,Kyrie,Irving,True,https://cdn.nba.com/headshots/nba/latest/1040x760/202681.png
380,1630163,LaMelo Ball,LaMelo,Ball,True,https://cdn.nba.com/headshots/nba/latest/1040x760/1630163.png
381,1630205,Lamar Stevens,Lamar,Stevens,True,https://cdn.nba.com/headshots/nba/latest/1040x760/1630205.png
382,1641805,Landers Nolley II,Landers,Nolley II,True,https://cdn.nba.com/headshots/nba/latest/1040x760/1641805.png
383,1629013,Landry Shamet,Landry,Shamet,True,https://cdn.nba.com/headshots/nba/latest/1040x760/1629013.png
384,1626204,Larry Nance Jr.,Larry,Nance Jr.,True,https://cdn.nba.com/headshots/nba/latest/1040x760/1626204.png
385,1628374,Lauri Markkanen,Lauri,Markkanen,True,https://cdn.nba.com/headshots/nba/latest/1040x760/1628374.png
386,2544,LeBron James,LeBron,James,True,https://cdn.nba.com/headshots/nba/latest/1040x760/2544.png
387,1641778,Leaky Black,Leaky,Black,True,https://cdn.nba.com/headshots/nba/latest/1040x760/1641778.png
388,1631159,Leonard Miller,Leonard,Miller,True,https://cdn.nba.com/headshots/nba/latest/1040x760/1631159.png
389,1631311,Lester Quinones,Lester,Quinones,True,https://cdn.nba.com/headshots/nba/latest/1040x760/1631311.png
390,1641857,Liam Robbins,Liam,Robbins,True,https://cdn.nba.com/headshots/nba/latest/1040x760/1641857.png
391,1629623,Lindell Wigginton,Lindell,Wigginton,True,https://cdn.nba.com/headshots/nba/latest/1040x760/1629623.png
392,1630322,Lindy Waters III,Lindy,Waters III,True,https://cdn.nba.com/headshots/nba/latest/1040x760/1630322.png
393,1629022,Lonnie Walker IV,Lonnie,Walker IV,True,https://cdn.nba.com/headshots/nba/latest/1040x760/1629022.png
394,1628366,Lonzo Ball,Lonzo,Ball,True,https://cdn.nba.com/headshots/nba/latest/1040x760/1628366.png
395,1629652,Luguentz Dort,Luguentz,Dort,True,https://cdn.nba.com/headshots/nba/latest/1040x760/1629652.png
396,1629029,Luka Doncic,Luka,Doncic,True,https://cdn.nba.com/headshots/nba/latest/1040x760/1629029.png
397,1630568,Luka Garza,Luka,Garza,True,https://cdn.nba.com/headshots/nba/latest/1040x760/1630568.png
398,1629677,Luka Samanic,Luka,Samanic,True,https://cdn.nba.com/headshots/nba/latest/1040x760/1629677.png
399,1628379,Luke Kennard,Luke,Kennard,True,https://cdn.nba.com/headshots/nba/latest/1040x760/1628379.png
400,1628436,Luke Kornet,Luke,Kornet,True,https://cdn.nba.com/headshots/nba/latest/1040x760/1628436.png
401,1630644,Mac McClung,Mac,McClung,True,https://cdn.nba.com/headshots/nba/latest/1040x760/1630644.png
402,1630588,Makur Maker,Makur,Maker,True,https://cdn.nba.com/headshots/nba/latest/1040x760/1630588.png
403,1630201,Malachi Flynn,Malachi,Flynn,True,https://cdn.nba.com/headshots/nba/latest/1040x760/1630201.png
404,1641869,Malachi Smith,Malachi,Smith,True,https://cdn.nba.com/headshots/nba/latest/1040x760/1641869.png
405,1631103,Malaki Branham,Malaki,Branham,True,https://cdn.nba.com/headshots/nba/latest/1040x760/1631103.png
406,1627763,Malcolm Brogdon,Malcolm,Brogdon,True,https://cdn.nba.com/headshots/nba/latest/1040x760/1627763.png
407,1630608,Malcolm Cazalon,Malcolm,Cazalon,True,https://cdn.nba.com/headshots/nba/latest/1040x760/1630608.png
408,1630792,Malcolm Hill,Malcolm,Hill,True,https://cdn.nba.com/headshots/nba/latest/1040x760/1630792.png
409,1627736,Malik Beasley,Malik,Beasley,True,https://cdn.nba.com/headshots/nba/latest/1040x760/1627736.png
410,1628370,Malik Monk,Malik,Monk,True,https://cdn.nba.com/headshots/nba/latest/1040x760/1628370.png
411,1630699,MarJon Beauchamp,MarJon,Beauchamp,True,https://cdn.nba.com/headshots/nba/latest/1040x760/1630699.png
412,202694,Marcus Morris Sr.,Marcus,Morris Sr.,True,https://cdn.nba.com/headshots/nba/latest/1040x760/202694.png
413,1631204,Marcus Sasser,Marcus,Sasser,True,https://cdn.nba.com/headshots/nba/latest/1040x760/1631204.png
414,203935,Marcus Smart,Marcus,Smart,True,https://cdn.nba.com/headshots/nba/latest/1040x760/203935.png
415,1631109,Mark Williams,Mark,Williams,True,https://cdn.nba.com/headshots/nba/latest/1040x760/1631109.png
416,1628365,Markelle Fultz,Markelle,Fultz,True,https://cdn.nba.com/headshots/nba/latest/1040x760/1628365.png
417,202693,Markieff Morris,Markieff,Morris,True,https://cdn.nba.com/headshots/nba/latest/1040x760/202693.png
418,1641806,Markquis Nowell,Markquis,Nowell,True,https://cdn.nba.com/headshots/nba/latest/1040x760/1641806.png
419,1629716,Marques Bolden,Marques,Bolden,True,https://cdn.nba.com/headshots/nba/latest/1040x760/1629716.png
420,1628963,Marvin Bagley III,Marvin,Bagley III,True,https://cdn.nba.com/headshots/nba/latest/1040x760/1628963.png
421,203486,Mason Plumlee,Mason,Plumlee,True,https://cdn.nba.com/headshots/nba/latest/1040x760/203486.png
422,1629680,Matisse Thybulle,Matisse,Thybulle,True,https://cdn.nba.com/headshots/nba/latest/1040x760/1629680.png
423,1630562,Matt Hurt,Matt,Hurt,True,https://cdn.nba.com/headshots/nba/latest/1040x760/1630562.png
424,1630346,Matt Ryan,Matt,Ryan,True,https://cdn.nba.com/headshots/nba/latest/1040x760/1630346.png
425,1630571,Matthew Mayer,Matthew,Mayer,True,https://cdn.nba.com/headshots/nba/latest/1040x760/1630571.png
426,1631108,Max Christie,Max,Christie,True,https://cdn.nba.com/headshots/nba/latest/1040x760/1631108.png
427,1641972,Max Heidegger,Max,Heidegger,True,https://cdn.nba.com/headshots/nba/latest/1040x760/1641972.png
428,1629622,Max Strus,Max,Strus,True,https://cdn.nba.com/headshots/nba/latest/1040x760/1629622.png
429,1628467,Maxi Kleber,Maxi,Kleber,True,https://cdn.nba.com/headshots/nba/latest/1040x760/1628467.png
430,1641721,Maxwell Lewis,Maxwell,Lewis,True,https://cdn.nba.com/headshots/nba/latest/1040x760/1641721.png
431,1630695,Micah Potter,Micah,Potter,True,https://cdn.nba.com/headshots/nba/latest/1040x760/1630695.png
432,1629008,Michael Porter Jr.,Michael,Porter Jr.,True,https://cdn.nba.com/headshots/nba/latest/1040x760/1629008.png
433,1628969,Mikal Bridges,Mikal,Bridges,True,https://cdn.nba.com/headshots/nba/latest/1040x760/1628969.png
434,201144,Mike Conley,Mike,Conley,True,https://cdn.nba.com/headshots/nba/latest/1040x760/201144.png
435,1641756,Mike Miles Jr.,Mike,Miles Jr.,True,https://cdn.nba.com/headshots/nba/latest/1040x760/1641756.png
436,203488,Mike Muscala,Mike,Muscala,True,https://cdn.nba.com/headshots/nba/latest/1040x760/203488.png
437,1628970,Miles Bridges,Miles,Bridges,True,https://cdn.nba.com/headshots/nba/latest/1040x760/1628970.png
438,1630540,Miles McBride,Miles,McBride,True,https://cdn.nba.com/headshots/nba/latest/1040x760/1630540.png
439,1641936,Miles Norris,Miles,Norris,True,https://cdn.nba.com/headshots/nba/latest/1040x760/1641936.png
440,1629011,Mitchell Robinson,Mitchell,Robinson,True,https://cdn.nba.com/headshots/nba/latest/1040x760/1629011.png
441,1628964,Mo Bamba,Mo,Bamba,True,https://cdn.nba.com/headshots/nba/latest/1040x760/1628964.png
442,1628420,Monte Morris,Monte,Morris,True,https://cdn.nba.com/headshots/nba/latest/1040x760/1628420.png
443,1626149,Montrezl Harrell,Montrezl,Harrell,True,https://cdn.nba.com/headshots/nba/latest/1040x760/1626149.png
444,1629021,Moritz Wagner,Moritz,Wagner,True,https://cdn.nba.com/headshots/nba/latest/1040x760/1629021.png
445,1629650,Moses Brown,Moses,Brown,True,https://cdn.nba.com/headshots/nba/latest/1040x760/1629650.png
446,1630541,Moses Moody,Moses,Moody,True,https://cdn.nba.com/headshots/nba/latest/1040x760/1630541.png
447,1631338,Mouhamadou Gueye,Mouhamadou,Gueye,True,https://cdn.nba.com/headshots/nba/latest/1040x760/1631338.png
448,1631243,Mouhamed Gueye,Mouhamed,Gueye,True,https://cdn.nba.com/headshots/nba/latest/1040x760/1631243.png
449,1631217,Moussa Diabate,Moussa,Diabate,True,https://cdn.nba.com/headshots/nba/latest/1040x760/1631217.png
450,1628539,Mychal Mulder,Mychal,Mulder,True,https://cdn.nba.com/headshots/nba/latest/1040x760/1628539.png
451,1626167,Myles Turner,Myles,Turner,True,https://cdn.nba.com/headshots/nba/latest/1040x760/1626167.png
452,1630230,Naji Marshall,Naji,Marshall,True,https://cdn.nba.com/headshots/nba/latest/1040x760/1630230.png
453,1629642,Nassir Little,Nassir,Little,True,https://cdn.nba.com/headshots/nba/latest/1040x760/1629642.png
454,1630207,Nate Hinton,Nate,Hinton,True,https://cdn.nba.com/headshots/nba/latest/1040x760/1630207.png
455,1630233,Nathan Knight,Nathan,Knight,True,https://cdn.nba.com/headshots/nba/latest/1040x760/1630233.png
456,1641877,Nathan Mensah,Nathan,Mensah,True,https://cdn.nba.com/headshots/nba/latest/1040x760/1641877.png
457,1629675,Naz Reid,Naz,Reid,True,https://cdn.nba.com/headshots/nba/latest/1040x760/1629675.png
458,1629674,Neemias Queta,Neemias,Queta,True,https://cdn.nba.com/headshots/nba/latest/1040x760/1629674.png
459,1629651,Nic Claxton,Nic,Claxton,True,https://cdn.nba.com/headshots/nba/latest/1040x760/1629651.png
460,1641861,Nick Ongenda,Nick,Ongenda,True,https://cdn.nba.com/headshots/nba/latest/1040x760/1641861.png
461,1630208,Nick Richards,Nick,Richards,True,https://cdn.nba.com/headshots/nba/latest/1040x760/1630208.png
462,1641733,Nick Smith Jr.,Nick,Smith Jr.,True,https://cdn.nba.com/headshots/nba/latest/1040x760/1641733.png
463,1629638,Nickeil Alexander-Walker,Nickeil,Alexander-Walker,True,https://cdn.nba.com/headshots/nba/latest/1040x760/1629638.png
464,201587,Nicolas Batum,Nicolas,Batum,True,https://cdn.nba.com/headshots/nba/latest/1040x760/201587.png
465,203999,Nikola Jokic,Nikola,Jokic,True,https://cdn.nba.com/headshots/nba/latest/1040x760/203999.png
466,1631107,Nikola Jovic,Nikola,Jovic,True,https://cdn.nba.com/headshots/nba/latest/1040x760/1631107.png
467,202696,Nikola Vucevic,Nikola,Vucevic,True,https://cdn.nba.com/headshots/nba/latest/1040x760/202696.png
468,1641730,Noah Clowney,Noah,Clowney,True,https://cdn.nba.com/headshots/nba/latest/1040x760/1641730.png
469,1626181,Norman Powell,Norman,Powell,True,https://cdn.nba.com/headshots/nba/latest/1040x760/1626181.png
470,1628384,O.G. Anunoby,O.G.,Anunoby,True,https://cdn.nba.com/headshots/nba/latest/1040x760/1628384.png
471,1630167,Obi Toppin,Obi,Toppin,True,https://cdn.nba.com/headshots/nba/latest/1040x760/1630167.png
472,1630534,Ochai Agbaji,Ochai,Agbaji,True,https://cdn.nba.com/headshots/nba/latest/1040x760/1630534.png
473,1630846,Olivier Sarr,Olivier,Sarr,True,https://cdn.nba.com/headshots/nba/latest/1040x760/1630846.png
474,1641765,Olivier-Maxence Prosper,Olivier-Maxence,Prosper,True,https://cdn.nba.com/headshots/nba/latest/1040x760/1641765.png
475,1641760,Omari Moore,Omari,Moore,True,https://cdn.nba.com/headshots/nba/latest/1040x760/1641760.png
476,1630209,Omer Yurtseven,Omer,Yurtseven,True,https://cdn.nba.com/headshots/nba/latest/1040x760/1630209.png
477,1641931,Onuralp Bitim,Onuralp,Bitim,True,https://cdn.nba.com/headshots/nba/latest/1040x760/1641931.png
478,1630168,Onyeka Okongwu,Onyeka,Okongwu,True,https://cdn.nba.com/headshots/nba/latest/1040x760/1630168.png
479,1631115,Orlando Robinson,Orlando,Robinson,True,https://cdn.nba.com/headshots/nba/latest/1040x760/1631115.png
480,1631131,Oscar Tshiebwe,Oscar,Tshiebwe,True,https://cdn.nba.com/headshots/nba/latest/1040x760/1631131.png
481,1629052,Oshae Brissett,Oshae,Brissett,True,https://cdn.nba.com/headshots/nba/latest/1040x760/1629052.png
482,203490,Otto Porter Jr.,Otto,Porter Jr.,True,https://cdn.nba.com/headshots/nba/latest/1040x760/203490.png
483,1631172,Ousmane Dieng,Ousmane,Dieng,True,https://cdn.nba.com/headshots/nba/latest/1040x760/1631172.png
484,200782,P.J. Tucker,P.J.,Tucker,True,https://cdn.nba.com/headshots/nba/latest/1040x760/200782.png
485,1629023,P.J. Washington,P.J.,Washington,True,https://cdn.nba.com/headshots/nba/latest/1040x760/1629023.png
486,1631094,Paolo Banchero,Paolo,Banchero,True,https://cdn.nba.com/headshots/nba/latest/1040x760/1631094.png
487,1627783,Pascal Siakam,Pascal,Siakam,True,https://cdn.nba.com/headshots/nba/latest/1040x760/1627783.png
488,1626192,Pat Connaughton,Pat,Connaughton,True,https://cdn.nba.com/headshots/nba/latest/1040x760/1626192.png
489,1631116,Patrick Baldwin,Patrick,Baldwin,True,https://cdn.nba.com/headshots/nba/latest/1040x760/1631116.png
490,201976,Patrick Beverley,Patrick,Beverley,True,https://cdn.nba.com/headshots/nba/latest/1040x760/201976.png
491,1630172,Patrick Williams,Patrick,Williams,True,https://cdn.nba.com/headshots/nba/latest/1040x760/1630172.png
492,201988,Patty Mills,Patty,Mills,True,https://cdn.nba.com/headshots/nba/latest/1040x760/201988.png
493,202331,Paul George,Paul,George,True,https://cdn.nba.com/headshots/nba/latest/1040x760/202331.png
494,1630194,Paul Reed,Paul,Reed,True,https://cdn.nba.com/headshots/nba/latest/1040x760/1630194.png
495,1630202,Payton Pritchard,Payton,Pritchard,True,https://cdn.nba.com/headshots/nba/latest/1040x760/1630202.png
496,1631250,Pete Nance,Pete,Nance,True,https://cdn.nba.com/headshots/nba/latest/1040x760/1631250.png
497,1631212,Peyton Watson,Peyton,Watson,True,https://cdn.nba.com/headshots/nba/latest/1040x760/1631212.png
498,1630173,Precious Achiuwa,Precious,Achiuwa,True,https://cdn.nba.com/headshots/nba/latest/1040x760/1630173.png
499,1629656,Quentin Grimes,Quentin,Grimes,True,https://cdn.nba.com/headshots/nba/latest/1040x760/1629656.png
500,1631245,Quenton Jackson,Quenton,Jackson,True,https://cdn.nba.com/headshots/nba/latest/1040x760/1631245.png
501,1630181,R.J. Hampton,R.J.,Hampton,True,https://cdn.nba.com/headshots/nba/latest/1040x760/1630181.png
502,1629628,RJ Barrett,RJ,Barrett,True,https://cdn.nba.com/headshots/nba/latest/1040x760/1629628.png
503,1626154,RJ Hunter,RJ,Hunter,True,https://cdn.nba.com/headshots/nba/latest/1040x760/1626154.png
504,1641712,Rayan Rupert,Rayan,Rupert,True,https://cdn.nba.com/headshots/nba/latest/1040x760/1641712.png
505,202704,Reggie Jackson,Reggie,Jackson,True,https://cdn.nba.com/headshots/nba/latest/1040x760/202704.png
506,1626158,Richaun Holmes,Richaun,Holmes,True,https://cdn.nba.com/headshots/nba/latest/1040x760/1626158.png
507,1641741,Ricky Council IV,Ricky,Council IV,True,https://cdn.nba.com/headshots/nba/latest/1040x760/1641741.png
508,201937,Ricky Rubio,Ricky,Rubio,True,https://cdn.nba.com/headshots/nba/latest/1040x760/201937.png
509,203496,Robert Covington,Robert,Covington,True,https://cdn.nba.com/headshots/nba/latest/1040x760/203496.png
510,1629057,Robert Williams III,Robert,Williams III,True,https://cdn.nba.com/headshots/nba/latest/1040x760/1629057.png
511,201577,Robin Lopez,Robin,Lopez,True,https://cdn.nba.com/headshots/nba/latest/1040x760/201577.png
512,203585,Rodney McGruder,Rodney,McGruder,True,https://cdn.nba.com/headshots/nba/latest/1040x760/203585.png
513,1629641,Romeo Langford,Romeo,Langford,True,https://cdn.nba.com/headshots/nba/latest/1040x760/1629641.png
514,1631199,Ron Harper Jr.,Ron,Harper Jr.,True,https://cdn.nba.com/headshots/nba/latest/1040x760/1631199.png
515,1626220,Royce O'Neale,Royce,O'Neale,True,https://cdn.nba.com/headshots/nba/latest/1040x760/1626220.png
516,200752,Rudy Gay,Rudy,Gay,True,https://cdn.nba.com/headshots/nba/latest/1040x760/200752.png
517,203497,Rudy Gobert,Rudy,Gobert,True,https://cdn.nba.com/headshots/nba/latest/1040x760/203497.png
518,1629060,Rui Hachimura,Rui,Hachimura,True,https://cdn.nba.com/headshots/nba/latest/1040x760/1629060.png
519,201566,Russell Westbrook,Russell,Westbrook,True,https://cdn.nba.com/headshots/nba/latest/1040x760/201566.png
520,1627853,Ryan Arcidiacono,Ryan,Arcidiacono,True,https://cdn.nba.com/headshots/nba/latest/1040x760/1627853.png
521,1631157,Ryan Rollins,Ryan,Rollins,True,https://cdn.nba.com/headshots/nba/latest/1040x760/1631157.png
522,1630240,Saben Lee,Saben,Lee,True,https://cdn.nba.com/headshots/nba/latest/1040x760/1630240.png
523,1630180,Saddiq Bey,Saddiq,Bey,True,https://cdn.nba.com/headshots/nba/latest/1040x760/1630180.png
524,1630573,Sam Hauser,Sam,Hauser,True,https://cdn.nba.com/headshots/nba/latest/1040x760/1630573.png
525,1630241,Sam Merrill,Sam,Merrill,True,https://cdn.nba.com/headshots/nba/latest/1040x760/1630241.png
526,1630572,Sandro Mamukelashvili,Sandro,Mamukelashvili,True,https://cdn.nba.com/headshots/nba/latest/1040x760/1630572.png
527,1630583,Santi Aldama,Santi,Aldama,True,https://cdn.nba.com/headshots/nba/latest/1040x760/1630583.png
528,1628426,Sasha Vezenkov,Sasha,Vezenkov,True,https://cdn.nba.com/headshots/nba/latest/1040x760/1628426.png
529,1630703,Scoot Henderson,Scoot,Henderson,True,https://cdn.nba.com/headshots/nba/latest/1040x760/1630703.png
530,1630567,Scottie Barnes,Scottie,Barnes,True,https://cdn.nba.com/headshots/nba/latest/1040x760/1630567.png
531,1630590,Scotty Pippen Jr.,Scotty,Pippen Jr.,True,https://cdn.nba.com/headshots/nba/latest/1040x760/1630590.png
532,203552,Seth Curry,Seth,Curry,True,https://cdn.nba.com/headshots/nba/latest/1040x760/203552.png
533,1641754,Seth Lundy,Seth,Lundy,True,https://cdn.nba.com/headshots/nba/latest/1040x760/1641754.png
534,1631101,Shaedon Sharpe,Shaedon,Sharpe,True,https://cdn.nba.com/headshots/nba/latest/1040x760/1631101.png
535,1628983,Shai Gilgeous-Alexander,Shai,Gilgeous-Alexander,True,https://cdn.nba.com/headshots/nba/latest/1040x760/1628983.png
536,1629003,Shake Milton,Shake,Milton,True,https://cdn.nba.com/headshots/nba/latest/1040x760/1629003.png
537,1627885,Shaquille Harrison,Shaquille,Harrison,True,https://cdn.nba.com/headshots/nba/latest/1040x760/1627885.png
538,1630536,Sharife Cooper,Sharife,Cooper,True,https://cdn.nba.com/headshots/nba/latest/1040x760/1630536.png
539,1631321,Sidy Cissoko,Sidy,Cissoko,True,https://cdn.nba.com/headshots/nba/latest/1040x760/1631321.png
540,1631323,Simone Fontecchio,Simone,Fontecchio,True,https://cdn.nba.com/headshots/nba/latest/1040x760/1631323.png
541,1641811,Sir'Jabari Rice,Sir'Jabari,Rice,True,https://cdn.nba.com/headshots/nba/latest/1040x760/1641811.png
542,1630219,Skylar Mays,Skylar,Mays,True,https://cdn.nba.com/headshots/nba/latest/1040x760/1630219.png
543,1641859,Souley Boum,Souley,Boum,True,https://cdn.nba.com/headshots/nba/latest/1040x760/1641859.png
544,203915,Spencer Dinwiddie,Spencer,Dinwiddie,True,https://cdn.nba.com/headshots/nba/latest/1040x760/203915.png
545,1630649,Stanley Umude,Stanley,Umude,True,https://cdn.nba.com/headshots/nba/latest/1040x760/1630649.png
546,201939,Stephen Curry,Stephen,Curry,True,https://cdn.nba.com/headshots/nba/latest/1040x760/201939.png
547,203500,Steven Adams,Steven,Adams,True,https://cdn.nba.com/headshots/nba/latest/1040x760/203500.png
548,1629004,Svi Mykhailiuk,Svi,Mykhailiuk,True,https://cdn.nba.com/headshots/nba/latest/1040x760/1629004.png
549,204456,T.J. McConnell,T.J.,McConnell,True,https://cdn.nba.com/headshots/nba/latest/1040x760/204456.png
550,1641795,Taevion Kinsey,Taevion,Kinsey,True,https://cdn.nba.com/headshots/nba/latest/1040x760/1641795.png
551,201959,Taj Gibson,Taj,Gibson,True,https://cdn.nba.com/headshots/nba/latest/1040x760/201959.png
552,1629659,Talen Horton-Tucker,Talen,Horton-Tucker,True,https://cdn.nba.com/headshots/nba/latest/1040x760/1629659.png
553,1631106,Tari Eason,Tari,Eason,True,https://cdn.nba.com/headshots/nba/latest/1040x760/1631106.png
554,1627752,Taurean Prince,Taurean,Prince,True,https://cdn.nba.com/headshots/nba/latest/1040x760/1627752.png
555,1641707,Taylor Hendricks,Taylor,Hendricks,True,https://cdn.nba.com/headshots/nba/latest/1040x760/1641707.png
556,1629611,Terance Mann,Terance,Mann,True,https://cdn.nba.com/headshots/nba/latest/1040x760/1629611.png
557,1631173,Terquavion Smith,Terquavion,Smith,True,https://cdn.nba.com/headshots/nba/latest/1040x760/1631173.png
558,1626179,Terry Rozier,Terry,Rozier,True,https://cdn.nba.com/headshots/nba/latest/1040x760/1626179.png
559,1630678,Terry Taylor,Terry,Taylor,True,https://cdn.nba.com/headshots/nba/latest/1040x760/1630678.png
560,1641856,Tevian Jones,Tevian,Jones,True,https://cdn.nba.com/headshots/nba/latest/1040x760/1641856.png
561,201152,Thaddeus Young,Thaddeus,Young,True,https://cdn.nba.com/headshots/nba/latest/1040x760/201152.png
562,203648,Thanasis Antetokounmpo,Thanasis,Antetokounmpo,True,https://cdn.nba.com/headshots/nba/latest/1040x760/203648.png
563,1630177,Theo Maledon,Theo,Maledon,True,https://cdn.nba.com/headshots/nba/latest/1040x760/1630177.png
564,1628418,Thomas Bryant,Thomas,Bryant,True,https://cdn.nba.com/headshots/nba/latest/1040x760/1628418.png
565,203501,Tim Hardaway Jr.,Tim,Hardaway Jr.,True,https://cdn.nba.com/headshots/nba/latest/1040x760/203501.png
566,202699,Tobias Harris,Tobias,Harris,True,https://cdn.nba.com/headshots/nba/latest/1040x760/202699.png
567,1628470,Torrey Craig,Torrey,Craig,True,https://cdn.nba.com/headshots/nba/latest/1040x760/1628470.png
568,1641787,Tosan Evbuomwan,Tosan,Evbuomwan,True,https://cdn.nba.com/headshots/nba/latest/1040x760/1641787.png
569,1641739,Toumani Camara,Toumani,Camara,True,https://cdn.nba.com/headshots/nba/latest/1040x760/1641739.png
570,1629027,Trae Young,Trae,Young,True,https://cdn.nba.com/headshots/nba/latest/1040x760/1629027.png
571,1631218,Trayce Jackson-Davis,Trayce,Jackson-Davis,True,https://cdn.nba.com/headshots/nba/latest/1040x760/1631218.png
572,1630200,Tre Jones,Tre,Jones,True,https://cdn.nba.com/headshots/nba/latest/1040x760/1630200.png
573,1630544,Tre Mann,Tre,Mann,True,https://cdn.nba.com/headshots/nba/latest/1040x760/1630544.png
574,1630570,Trendon Watford,Trendon,Watford,True,https://cdn.nba.com/headshots/nba/latest/1040x760/1630570.png
575,1630235,Trent Forrest,Trent,Forrest,True,https://cdn.nba.com/headshots/nba/latest/1040x760/1630235.png
576,1630243,Trevelin Queen,Trevelin,Queen,True,https://cdn.nba.com/headshots/nba/latest/1040x760/1630243.png
577,1631309,Trevor Hudgins,Trevor,Hudgins,True,https://cdn.nba.com/headshots/nba/latest/1040x760/1631309.png
578,1631211,Trevor Keels,Trevor,Keels,True,https://cdn.nba.com/headshots/nba/latest/1040x760/1631211.png
579,1641998,Trey Jemison,Trey,Jemison,True,https://cdn.nba.com/headshots/nba/latest/1040x760/1641998.png
580,1626168,Trey Lyles,Trey,Lyles,True,https://cdn.nba.com/headshots/nba/latest/1040x760/1626168.png
581,1630530,Trey Murphy III,Trey,Murphy III,True,https://cdn.nba.com/headshots/nba/latest/1040x760/1630530.png
582,202684,Tristan Thompson,Tristan,Thompson,True,https://cdn.nba.com/headshots/nba/latest/1040x760/202684.png
583,1628972,Troy Brown Jr.,Troy,Brown Jr.,True,https://cdn.nba.com/headshots/nba/latest/1040x760/1628972.png
584,1629660,Ty Jerome,Ty,Jerome,True,https://cdn.nba.com/headshots/nba/latest/1040x760/1629660.png
585,1631102,TyTy Washington Jr.,TyTy,Washington Jr.,True,https://cdn.nba.com/headshots/nba/latest/1040x760/1631102.png
586,1629639,Tyler Herro,Tyler,Herro,True,https://cdn.nba.com/headshots/nba/latest/1040x760/1629639.png
587,1630169,Tyrese Haliburton,Tyrese,Haliburton,True,https://cdn.nba.com/headshots/nba/latest/1040x760/1630169.png
588,1631213,Tyrese Martin,Tyrese,Martin,True,https://cdn.nba.com/headshots/nba/latest/1040x760/1631213.png
589,1630178,Tyrese Maxey,Tyrese,Maxey,True,https://cdn.nba.com/headshots/nba/latest/1040x760/1630178.png
590,1626145,Tyus Jones,Tyus,Jones,True,https://cdn.nba.com/headshots/nba/latest/1040x760/1626145.png
591,1628962,Udoka Azubuike,Udoka,Azubuike,True,https://cdn.nba.com/headshots/nba/latest/1040x760/1628962.png
592,1630586,Usman Garuba,Usman,Garuba,True,https://cdn.nba.com/headshots/nba/latest/1040x760/1630586.png
593,203995,Vasilije Micic,Vasilije,Micic,True,https://cdn.nba.com/headshots/nba/latest/1040x760/203995.png
594,203506,Victor Oladipo,Victor,Oladipo,True,https://cdn.nba.com/headshots/nba/latest/1040x760/203506.png
595,1641705,Victor Wembanyama,Victor,Wembanyama,True,https://cdn.nba.com/headshots/nba/latest/1040x760/1641705.png
596,1631246,Vince Williams Jr.,Vince,Williams Jr.,True,https://cdn.nba.com/headshots/nba/latest/1040x760/1631246.png
597,1641941,Vincent Valerio-Bodon,Vincent,Valerio-Bodon,True,https://cdn.nba.com/headshots/nba/latest/1040x760/1641941.png
598,1630249,Vit Krejci,Vit,Krejci,True,https://cdn.nba.com/headshots/nba/latest/1040x760/1630249.png
599,1628427,Vlatko Cancar,Vlatko,Cancar,True,https://cdn.nba.com/headshots/nba/latest/1040x760/1628427.png
600,1631117,Walker Kessler,Walker,Kessler,True,https://cdn.nba.com/headshots/nba/latest/1040x760/1631117.png
601,1628976,Wendell Carter Jr.,Wendell,Carter Jr.,True,https://cdn.nba.com/headshots/nba/latest/1040x760/1628976.png
602,1631111,Wendell Moore Jr.,Wendell,Moore Jr.,True,https://cdn.nba.com/headshots/nba/latest/1040x760/1631111.png
603,1629117,Wenyen Gabriel,Wenyen,Gabriel,True,https://cdn.nba.com/headshots/nba/latest/1040x760/1629117.png
604,202083,Wesley Matthews,Wesley,Matthews,True,https://cdn.nba.com/headshots/nba/latest/1040x760/202083.png
605,1641645,Xavier Cooks,Xavier,Cooks,True,https://cdn.nba.com/headshots/nba/latest/1040x760/1641645.png
606,1629875,Xavier Moon,Xavier,Moon,True,https://cdn.nba.com/headshots/nba/latest/1040x760/1629875.png
607,1630214,Xavier Tillman,Xavier,Tillman,True,https://cdn.nba.com/headshots/nba/latest/1040x760/1630214.png
608,1629139,Yuta Watanabe,Yuta,Watanabe,True,https://cdn.nba.com/headshots/nba/latest/1040x760/1629139.png
609,1628380,Zach Collins,Zach,Collins,True,https://cdn.nba.com/headshots/nba/latest/1040x760/1628380.png
610,203897,Zach LaVine,Zach,LaVine,True,https://cdn.nba.com/headshots/nba/latest/1040x760/203897.png
611,1630285,Zavier Simpson,Zavier,Simpson,True,https://cdn.nba.com/headshots/nba/latest/1040x760/1630285.png
612,1630192,Zeke Nnaji,Zeke,Nnaji,True,https://cdn.nba.com/headshots/nba/latest/1040x760/1630192.png
613,1629015,Zhaire Smith,Zhaire,Smith,True,https://cdn.nba.com/headshots/nba/latest/1040x760/1629015.png
614,1630533,Ziaire Williams,Ziaire,Williams,True,https://cdn.nba.com/headshots/nba/latest/1040x760/1630533.png
615,1629627,Zion Williamson,Zion,Williamson,True,https://cdn.nba.com/headshots/nba/latest/1040x760/1629627.png
